Date,Open,High,Low,Close,Volume
29.04.2024 18:10:00,193,196,"191,7",196,18540379
30.04.2024 18:10:00,196,"199,9","194,9","195,8",19613518
02.05.2024 18:10:00,"196,8",204,"196,5",204,33006207
03.05.2024 18:10:00,204,"204,1","199,7","201,3",12683448
06.05.2024 18:10:00,"201,3","202,8","198,9","200,5",13631366
07.05.2024 18:10:00,"200,8","201,8","194,3","198,3",25356182
08.05.2024 18:10:00,199,"199,3","192,4","192,7",17697100
09.05.2024 18:10:00,"193,1","194,2","188,1","189,1",22206064
10.05.2024 18:10:00,"189,4",191,"187,2","187,2",18869552
13.05.2024 18:10:00,"187,8","191,1","184,8","184,8",21146141
14.05.2024 18:10:00,"185,2","186,2","183,5","183,6",22560329
15.05.2024 18:10:00,"183,6","184,3","181,2","181,5",19892765
16.05.2024 18:10:00,"182,2","182,6","179,5","180,8",25634272
17.05.2024 18:10:00,"181,7","189,1","181,5","189,1",55457790
20.05.2024 18:10:00,"189,2","193,6","187,2","191,9",46950480
21.05.2024 18:10:00,"192,4",199,"190,6","194,5",58135963
22.05.2024 18:10:00,195,"196,2","192,4","194,9",27933479
23.05.2024 18:10:00,186,194,186,"192,3",48582283
24.05.2024 18:10:00,"192,4",194,"189,1","190,3",15673330
27.05.2024 18:10:00,"191,2","192,3","188,5","189,3",15783109
28.05.2024 18:10:00,"189,7","189,8","186,7","187,5",12636148
29.05.2024 18:10:00,"187,5","188,9","178,2","185,8",14688899
30.05.2024 18:10:00,"186,5","187,5","182,7","182,9",18768300
31.05.2024 18:10:00,"183,4","186,3","176,7","176,7",32142351
03.06.2024 18:10:00,179,"181,2","173,6","173,9",32734344
04.06.2024 18:10:00,"174,2","175,3","168,6","168,6",28853214
05.06.2024 18:10:00,"169,2","170,7","166,1",167,37923214
06.06.2024 18:10:00,"168,4","170,6","163,6","163,6",28556100
07.06.2024 18:10:00,"164,6","166,5","162,7","163,9",23153727
10.06.2024 18:10:00,"163,9","166,9","161,5","162,3",28287132
11.06.2024 18:10:00,"162,5",163,"159,7","160,9",32965759
12.06.2024 18:10:00,161,"165,8","160,6",164,37397939
13.06.2024 18:10:00,"166,5","168,3","165,5","166,1",24388186
14.06.2024 18:10:00,"168,7",169,"166,1",167,22649101
20.06.2024 18:10:00,169,"172,8","167,8","172,1",27520398
21.06.2024 18:10:00,"172,4","172,6",170,"170,8",16475635
24.06.2024 18:10:00,171,"172,2","170,1","171,6",22144247
25.06.2024 18:10:00,"171,9","172,2","169,3","169,9",17193453
26.06.2024 18:10:00,"169,9","171,4","165,4","165,4",18047544
27.06.2024 18:10:00,"166,1","169,7","166,1","168,7",22485335
28.06.2024 18:10:00,"169,3","171,3","165,2","165,5",27583986
01.07.2024 18:10:00,"167,1","168,6","161,3","163,8",28407123
02.07.2024 18:10:00,164,"165,2","160,8","162,4",24181338
03.07.2024 18:10:00,"164,9","168,8","164,9","168,3",26995521
04.07.2024 18:10:00,"168,7","174,1",168,"174,1",31245884
05.07.2024 18:10:00,"174,2","175,6","172,6","173,4",23022004
08.07.2024 18:10:00,"174,4",176,"171,3","171,7",21244507
09.07.2024 18:10:00,"171,8","172,3","168,5","168,8",22489346
10.07.2024 18:10:00,"168,9","170,3","167,1",168,18553324
11.07.2024 18:10:00,169,"171,1","168,9","170,6",16350083
12.07.2024 18:10:00,"171,3","171,5","168,2","168,4",18704295
16.07.2024 18:10:00,"168,9","169,8","166,3","166,5",20809458
17.07.2024 18:10:00,"166,8","167,4",165,"166,3",19105663
18.07.2024 18:10:00,"167,1","168,6","165,8","166,2",27454387
19.07.2024 18:10:00,"166,1","167,2","164,2",165,20444099
22.07.2024 18:10:00,"165,5",166,"162,7","163,2",21047360
23.07.2024 18:10:00,"163,4","167,3","162,5","164,5",38320256
24.07.2024 18:10:00,"164,3","165,6",163,163,23176768
25.07.2024 18:10:00,"162,9","163,6","160,6","161,3",16829269
26.07.2024 18:10:00,"163,4","164,8","162,4","163,4",20719195
29.07.2024 18:10:00,"163,3","164,4","162,2","162,5",16937319
30.07.2024 18:10:00,"162,9","164,3","161,5","161,6",16473297
31.07.2024 18:10:00,161,"163,9","160,1","163,3",25320978
01.08.2024 18:10:00,"165,2","166,7","163,8","164,3",18856894
02.08.2024 18:10:00,"162,5",163,"159,1","159,1",19238114
05.08.2024 18:10:00,"152,2","158,7","152,2","153,7",29395952
06.08.2024 18:10:00,"159,5","162,4","157,8",158,33670789
07.08.2024 18:10:00,159,"162,9","158,7","162,9",22408368
08.08.2024 18:10:00,"162,9","165,4","162,2",165,22668326
09.08.2024 18:10:00,"165,6",167,162,"163,3",20216274
12.08.2024 18:10:00,"163,9",166,"160,6","161,8",20053125
13.08.2024 18:10:00,"161,8","162,9","159,1","162,2",17306058
14.08.2024 18:10:00,"162,9",164,"158,8",159,14863342
15.08.2024 18:10:00,"159,5","162,6","158,1","162,6",17220668
16.08.2024 18:10:00,"163,3","165,2","161,5","161,7",16484408
19.08.2024 18:10:00,"162,3","165,4","161,8","165,2",17146018
20.08.2024 18:10:00,"165,2","165,9","163,3",164,15308255
21.08.2024 18:10:00,"164,2",167,"163,8","164,9",22231973
22.08.2024 18:10:00,"165,9","166,6","162,9","163,6",16606826
23.08.2024 18:10:00,"164,2","164,2","160,6",161,12956961
26.08.2024 18:10:00,"162,4","164,5","159,9",161,20312459
27.08.2024 18:10:00,"160,8","164,9","160,2","164,7",17496059
28.08.2024 18:10:00,"164,7","165,7",164,"165,4",16410176
29.08.2024 18:10:00,"165,6","171,4","164,7","168,6",34037602
02.09.2024 18:10:00,"169,5","171,6",169,"170,6",24671211
03.09.2024 18:10:00,"170,8","171,3","166,8","167,1",20254680
04.09.2024 18:10:00,165,"166,2","163,2",165,16201473
05.09.2024 18:10:00,"165,7","166,4",162,"162,4",15828867
06.09.2024 18:10:00,162,162,162,162,13684646
09.09.2024 18:10:00,"161,8","163,5","161,3","161,3",15830494
10.09.2024 18:10:00,"161,6","162,8","160,1","160,1",15272437
11.09.2024 18:10:00,"159,8","160,1","155,7","155,8",22881457
12.09.2024 18:10:00,"157,9","158,4","152,5","156,7",23564267
13.09.2024 18:10:00,"156,8",163,"155,9","162,6",22426683
16.09.2024 18:10:00,"162,8","164,7","161,5","163,4",14641974
17.09.2024 18:10:00,164,"165,6","163,5","165,1",14367467
18.09.2024 18:10:00,"164,9","166,2","164,2","164,6",14940373
19.09.2024 18:10:00,"166,1","169,4","166,1",169,19620046
20.09.2024 18:10:00,"169,3","169,5","165,4","165,9",17591517
23.09.2024 18:10:00,167,"169,1","166,7","168,5",20210083
24.09.2024 18:10:00,"168,7","171,7","168,2","170,9",25015028
25.09.2024 18:10:00,"171,2","172,5",169,169,21072676
26.09.2024 18:10:00,"169,9","171,2","168,3",170,25044062
27.09.2024 18:10:00,159,"160,2","157,1","158,6",21516076
30.09.2024 18:10:00,"158,4","158,4",155,"155,2",14282677
01.10.2024 18:10:00,"155,1","157,9","152,8","155,2",28026095
02.10.2024 18:10:00,"155,2","155,6","152,8","153,5",18762282
03.10.2024 18:10:00,"153,4","154,8","149,7","150,5",17036999
04.10.2024 18:10:00,151,"154,5",150,"154,5",14959676
07.10.2024 18:10:00,"155,2","156,2","150,8",152,13271645
08.10.2024 18:10:00,152,"155,1",151,"153,7",16719050
09.10.2024 18:10:00,"153,1","153,2","150,1",153,13449977
10.10.2024 18:10:00,153,"153,1","149,7",150,11104182
11.10.2024 18:10:00,"150,1","151,8","147,4","148,2",14641255
14.10.2024 18:10:00,"148,3","148,8","145,5","145,5",14598867
15.10.2024 18:10:00,"145,5","147,2",144,"145,7",23138970
16.10.2024 18:10:00,"145,8","147,9","144,6","147,2",15772874
17.10.2024 18:10:00,"146,9","148,4","145,9","147,4",16219198
18.10.2024 18:10:00,148,"149,1",145,145,14815535
21.10.2024 18:10:00,145,146,144,"144,7",13764779
22.10.2024 18:10:00,145,"147,1","143,7",146,17566565
23.10.2024 18:10:00,146,"146,4","143,1","143,7",16133365
24.10.2024 18:10:00,"144,5","146,8","144,5",146,12243680
25.10.2024 18:10:00,"145,3","146,4","144,2","146,1",11194065
28.10.2024 12:40:00,"147,3",149,147,149,6684465
30.10.2024 18:10:00,"149,3",150,"147,6","148,2",12973842
31.10.2024 18:10:00,"148,1","148,7","144,4","144,6",13116692
01.11.2024 18:10:00,145,"146,7","144,3","145,1",13600046
04.11.2024 18:10:00,"144,5","144,5","142,4","142,6",10421616
05.11.2024 18:10:00,"143,2","143,9","138,5","141,1",23596320
06.11.2024 18:10:00,"141,1","145,6","140,8","144,4",18838706
07.11.2024 18:10:00,"144,6","145,2","142,6","144,9",11033271
08.11.2024 18:10:00,"144,6","147,2","143,5","146,9",24658493
11.11.2024 18:10:00,"147,1","148,8","145,7",146,19270245
12.11.2024 18:10:00,"145,7","146,1",144,144,13306625
13.11.2024 18:10:00,"143,7","148,3","143,2","146,2",26905607
14.11.2024 18:10:00,"146,7","148,6","146,5","147,9",19364230
15.11.2024 18:10:00,148,"149,1","147,4","148,1",12154869
18.11.2024 18:10:00,"148,4",149,"146,2","147,2",13402313
19.11.2024 18:10:00,"147,4","148,4","142,9","143,5",20234956
20.11.2024 18:10:00,"144,2",145,"140,5","140,8",12724460
21.11.2024 18:10:00,141,"145,1","140,9","144,9",16801106
22.11.2024 18:10:00,"145,3","147,2","143,7","146,4",21517827
25.11.2024 18:10:00,147,150,"146,5","148,5",26560741
26.11.2024 18:10:00,"147,8","148,7",147,"147,7",13472575
27.11.2024 18:10:00,149,"149,6","146,5","146,5",14741691
28.11.2024 18:10:00,"146,5","148,2","146,3","147,4",10641982
29.11.2024 18:10:00,"147,3","148,8","146,4","147,2",13396812
02.12.2024 18:10:00,"146,4","148,2","145,8","147,3",14381773
03.12.2024 18:10:00,"147,6",150,"147,3","148,7",21305106
04.12.2024 18:10:00,149,"153,3",149,"152,4",30793486
05.12.2024 18:10:00,153,"153,5","150,4","151,2",16996482
06.12.2024 18:10:00,"152,6",153,"151,7","152,1",14109310
09.12.2024 18:10:00,"152,9","154,9","152,7","154,5",19841282
10.12.2024 18:10:00,"154,5","156,2","153,3",154,22447878
11.12.2024 18:10:00,154,"154,9","152,8","154,1",14007731
12.12.2024 18:10:00,"154,7","155,5","150,3","150,9",16662986
13.12.2024 18:10:00,"150,6","151,4","149,1","151,2",12178200
16.12.2024 18:10:00,"151,4","151,8","148,5","148,6",12030551
17.12.2024 18:10:00,"148,8","149,7","147,2","148,5",12319536
18.12.2024 18:10:00,"148,7","149,1","146,3","146,3",10913663
19.12.2024 18:10:00,"145,1","146,2","144,1","144,4",9915380
20.12.2024 18:10:00,"144,5","146,2","144,4","145,5",11711535
23.12.2024 18:10:00,"145,7","146,5","142,7","143,3",11288846
24.12.2024 18:10:00,"143,6","143,7","141,4","142,5",10116339
25.12.2024 18:10:00,144,"144,6","143,3","143,8",8759522
26.12.2024 18:10:00,"144,2","145,2",143,"143,7",14969425
27.12.2024 18:10:00,"143,9","144,8","143,4","144,2",11510498
30.12.2024 18:10:00,"144,2","144,7","142,5","142,5",7989669
31.12.2024 18:10:00,"142,6","143,6","141,3","141,9",12764505
02.01.2025 18:10:00,"142,4","146,2","140,8","146,1",22678649
03.01.2025 18:10:00,"146,3",150,"145,9",150,21470510
06.01.2025 18:10:00,"150,1","150,6","147,6","147,7",15206475
07.01.2025 18:10:00,"147,6","148,8","146,3","146,4",19044409
08.01.2025 18:10:00,"146,1","146,2","144,2","144,3",17833022
09.01.2025 18:10:00,"144,7",146,"144,3","145,6",14033307
10.01.2025 18:10:00,"145,7",146,"143,1","143,5",16906169
13.01.2025 18:10:00,"143,7","146,3","143,5","143,9",24826602
14.01.2025 18:10:00,"144,5","147,2","144,2",145,26429927
15.01.2025 18:10:00,"145,3","147,2","144,5",147,19827675
16.01.2025 18:10:00,"148,3","148,7","147,2","148,5",17000269
17.01.2025 18:10:00,"148,9",149,"147,2","148,1",13609611
20.01.2025 18:10:00,"148,7","149,6","145,5","145,6",18082021
21.01.2025 18:10:00,"145,3","145,6","142,6","142,6",23296130
22.01.2025 18:10:00,"142,9","145,1","142,1","144,5",18575959
23.01.2025 18:10:00,"144,6","145,2",143,"143,6",19692827
24.01.2025 18:10:00,"143,7",144,"142,3","143,2",14731292
27.01.2025 18:10:00,"142,5","142,5","140,5","140,6",16767909
28.01.2025 18:10:00,"140,9","141,7","139,2","140,2",22451197
29.01.2025 18:10:00,"140,9","141,8","139,8","139,8",20562291
30.01.2025 18:10:00,"140,1","142,8","139,8","141,7",19644248
31.01.2025 18:10:00,"142,1","142,8","140,1","141,2",14326162
03.02.2025 18:10:00,"139,8","140,8","137,6","138,6",20210703
04.02.2025 18:10:00,"139,3",140,137,"137,6",21699451
05.02.2025 18:10:00,"137,9","139,5","135,9",138,22426708
06.02.2025 18:10:00,"138,8","140,5","138,6",140,14304402
07.02.2025 18:10:00,"140,1","141,9","138,9","141,9",17554560
10.02.2025 18:10:00,"141,9","142,6","138,8",139,17002148
11.02.2025 18:10:00,"138,9","139,3","137,1","138,2",16314370
12.02.2025 18:10:00,"138,3","138,8","136,4","136,4",18355984
13.02.2025 18:10:00,"137,3","137,8","135,2","135,2",24102220
14.02.2025 18:10:00,"135,9","136,1",134,"134,2",20261216
17.02.2025 18:10:00,"134,4","136,3","133,4","133,4",19497184
18.02.2025 18:10:00,"132,5","132,5","129,5","130,1",41380566
19.02.2025 18:10:00,"130,4","130,8","125,6","125,7",37594544
20.02.2025 18:10:00,"125,9","128,4","125,9","127,7",21997856
21.02.2025 18:10:00,"127,7","128,6","123,8","125,6",25566791
24.02.2025 18:10:00,"126,8","127,3","125,2",126,15180646
25.02.2025 18:10:00,"126,1","126,4","123,2","123,5",19673967
26.02.2025 18:10:00,"123,6","126,4","123,1","125,4",18812485
27.02.2025 18:10:00,"125,1","129,4","124,9","128,7",21114924
28.02.2025 18:10:00,"128,7","130,4",128,129,22294341
03.03.2025 18:10:00,130,"131,4","128,6","128,9",26261217
04.03.2025 18:10:00,"128,9","129,4","125,7",126,19990185
05.03.2025 18:10:00,"126,9",130,"126,4","129,6",32814818
06.03.2025 18:10:00,131,"137,6","130,5","137,6",39301500
07.03.2025 18:10:00,"137,3","139,8","135,9","139,6",35416165
10.03.2025 18:10:00,140,"142,5","139,7","141,7",31977501
11.03.2025 18:10:00,"141,7","142,6",140,"141,7",24035491
12.03.2025 18:10:00,"142,3","145,1","141,5","143,7",37855274
13.03.2025 18:10:00,"144,3","144,9","143,2",144,26187895
14.03.2025 18:10:00,"144,2","144,9","143,6","144,4",22887651
17.03.2025 18:10:00,"144,6","147,2","144,6","146,1",28481547
18.03.2025 18:10:00,146,"146,7","144,1",145,22171613
19.03.2025 18:10:00,136,143,"135,1","137,8",41835518
20.03.2025 18:10:00,"138,1","143,8","138,1","141,9",33369766
21.03.2025 18:10:00,141,141,132,"135,6",31740085
24.03.2025 18:10:00,"135,6","140,5","133,4",138,26639881
25.03.2025 18:10:00,"139,3","143,2","138,1","141,9",27936762
26.03.2025 18:10:00,"140,7","142,9","139,8","142,5",17725387
27.03.2025 18:10:00,"143,9","144,6","141,5","142,2",17431238
28.03.2025 18:10:00,"134,5",138,134,138,22483576
02.04.2025 18:10:00,"137,1","137,3","134,2",135,14175097
03.04.2025 18:10:00,135,"138,4","134,7",136,18976980
04.04.2025 18:10:00,"136,2","136,4","133,7","134,3",10993281
07.04.2025 18:10:00,"131,4","134,6","129,1","133,2",19011135
08.04.2025 18:10:00,"134,5",135,"129,5","129,5",18060733
09.04.2025 18:10:00,"128,5","129,3","126,1","127,1",19774917
10.04.2025 18:10:00,132,"132,5","128,3","128,3",15534712
11.04.2025 18:10:00,"128,3","128,6","126,8","128,4",12478081
14.04.2025 18:10:00,"129,1","130,4","127,1","128,1",10979605
15.04.2025 18:10:00,"128,1","128,9","126,1",127,10497399
16.04.2025 18:10:00,"126,2","126,6","124,6","124,9",12886091
17.04.2025 18:10:00,"124,9","126,1","123,2","124,7",14989077
18.04.2025 18:10:00,125,"125,5","123,8","124,9",10197660
21.04.2025 18:10:00,"124,9","126,8",123,"123,9",17261613
22.04.2025 18:10:00,"124,5","125,6","123,5","124,5",11991494
24.04.2025 18:10:00,"125,1","125,8","123,1","125,3",12337380
25.04.2025 18:10:00,"125,5","125,7","124,6","125,3",9654108
28.04.2025 18:10:00,"125,2","125,2","123,6",124,10384355
29.04.2025 18:10:00,"123,4","126,2","122,9","125,1",14327907
30.04.2025 18:10:00,"124,2","126,9","123,6","124,7",20859459
02.05.2025 18:10:00,"124,7","125,9","124,1","124,8",9820221
05.05.2025 18:10:00,"124,9","125,5","123,2","123,5",8456743
06.05.2025 18:10:00,123,"123,9","119,2","119,6",21565294
07.05.2025 18:10:00,"119,5","119,8","117,3","117,6",16554851
08.05.2025 18:10:00,"117,8","128,5","117,8","128,2",27958665
09.05.2025 18:10:00,"130,9","133,9","128,4","128,7",49310702
12.05.2025 18:10:00,"130,1","135,5","130,1","134,5",25607101
13.05.2025 18:10:00,"134,4",136,"132,7","135,2",14191780
14.05.2025 18:10:00,"134,9","135,7","133,2","135,3",12574029
15.05.2025 18:10:00,"135,2","137,5",131,"131,7",16441484
16.05.2025 18:10:00,"131,3","135,5","130,9","134,3",14528772
20.05.2025 18:10:00,"134,8","135,8","130,5","130,5",12245947
21.05.2025 18:10:00,"130,4","130,9","128,1","129,2",11140674
22.05.2025 18:10:00,"129,5","131,1","128,4","128,9",10638128
23.05.2025 18:10:00,"128,8","130,2","126,7","128,6",9948244
26.05.2025 18:10:00,"129,1","129,7","127,7","128,8",7730991
27.05.2025 18:10:00,"128,8","129,2",126,"126,1",8590624
28.05.2025 18:10:00,126,"126,7","124,8","126,1",8343983
29.05.2025 18:10:00,127,"127,8","125,3",126,8009620
30.05.2025 18:10:00,"125,2","125,8",124,124,10864453
02.06.2025 18:10:00,124,"125,3",123,"123,5",8626006
03.06.2025 18:10:00,"124,2",128,124,127,10347166
04.06.2025 18:10:00,"127,4",133,"125,8",133,13125217
05.06.2025 12:40:00,131,131,"129,8","130,8",3873294
10.06.2025 18:10:00,"131,4","131,8","130,5","131,1",11379298
11.06.2025 18:10:00,131,132,"129,8","131,7",15802741
12.06.2025 18:10:00,"131,2","133,3","130,1",131,20326978
13.06.2025 18:10:00,130,133,"126,5","131,3",29518169
16.06.2025 18:10:00,"131,6","135,3","129,8","129,8",26618824
17.06.2025 18:10:00,"130,1","136,6",130,"134,8",30394111
18.06.2025 18:10:00,135,"138,3",135,137,32518265
19.06.2025 18:10:00,"137,6","143,9","137,6","143,8",33796070
20.06.2025 18:10:00,"141,3","144,6","138,4","144,6",28696384
23.06.2025 18:10:00,"147,1","152,3","147,1","148,4",42383643
24.06.2025 18:10:00,"139,4","141,8","137,3","137,3",48477744
25.06.2025 18:10:00,"137,8","138,6",134,"134,4",22467475
26.06.2025 18:10:00,"134,7","135,8","133,6","133,7",16398898
27.06.2025 18:10:00,"133,9","136,3","133,1",136,22687941
30.06.2025 18:10:00,136,141,"135,1",140,36758861
01.07.2025 18:10:00,"140,8",143,"140,4","141,7",23128083
02.07.2025 18:10:00,"142,1","147,5",142,"144,7",30597618
03.07.2025 18:10:00,"146,2","148,2","145,4","146,4",20802107
04.07.2025 18:10:00,"146,6","148,7","145,1","147,2",18296201
07.07.2025 18:10:00,"145,5","147,5","144,1","146,2",16386969
08.07.2025 18:10:00,147,"147,3","140,5","140,5",19671759
09.07.2025 18:10:00,"140,5","146,6","140,4",146,20792655
10.07.2025 18:10:00,"146,9","150,6","146,3","150,2",17195784
11.07.2025 18:10:00,"151,3","157,5",151,"156,2",36243888
14.07.2025 18:10:00,156,"158,9","154,8","155,5",26120698
16.07.2025 18:10:00,"154,4","156,4","151,3","152,5",19327192
17.07.2025 18:10:00,"153,5","157,3","152,1","157,3",16952608
18.07.2025 18:10:00,"157,3","160,2","156,1","160,1",27182340
21.07.2025 18:10:00,"160,3","168,6","160,3",167,25183775
22.07.2025 18:10:00,"166,9","168,6","164,9","167,6",18158266
23.07.2025 18:10:00,"167,7",170,"163,8","165,1",15472475
24.07.2025 18:10:00,"165,8","167,8",164,"166,7",15073323
25.07.2025 18:10:00,"166,7","168,8","163,5","167,1",13533253
28.07.2025 18:10:00,"167,1","167,3",164,"164,5",11843163
29.07.2025 18:10:00,"164,6",165,"160,3","162,6",15363480
30.07.2025 18:10:00,"164,8","167,6","162,2",165,26454825
31.07.2025 18:10:00,"165,2","169,3","163,6","168,9",28986082
01.08.2025 18:10:00,"168,9","169,8","165,2","165,9",13285972
04.08.2025 18:10:00,"166,2","167,6","163,3","163,9",16159066
05.08.2025 18:10:00,"164,3","167,5","163,4","165,7",22058603
06.08.2025 18:10:00,"165,7","167,7","164,5",167,14674108
07.08.2025 18:10:00,168,168,"164,2","164,3",14490485
08.08.2025 18:10:00,"164,3","165,1",163,164,10343447
11.08.2025 18:10:00,"164,7","165,7","163,5","164,4",13004702
12.08.2025 18:10:00,"164,4","164,6","160,5",161,14319344
13.08.2025 18:10:00,"161,1","163,5","161,1","163,3",11752056
14.08.2025 18:10:00,"162,3",163,"159,2",160,12435118
15.08.2025 18:10:00,"160,2","163,6","160,2","162,7",13437740
18.08.2025 18:10:00,163,"163,7","160,5","161,1",10164843
19.08.2025 18:10:00,"161,2","161,8","159,4","160,2",15113875
20.08.2025 18:10:00,"160,3","164,8","159,9",164,21578529
21.08.2025 18:10:00,"164,9","168,7","164,5","168,4",22421781
22.08.2025 18:10:00,"169,4",173,"167,9","172,7",29438572
25.08.2025 18:10:00,"174,7","174,9","172,8","172,8",18569633
26.08.2025 18:10:00,"172,2","174,2","171,4","171,6",19136798
27.08.2025 18:10:00,"172,6","173,4","170,7","171,1",17651957
28.08.2025 18:10:00,"171,1","173,5",171,171,13549874
29.08.2025 18:10:00,"171,1","174,3","169,9","172,2",24772954
01.09.2025 18:10:00,"172,2","174,5","170,2","173,2",20455877
02.09.2025 18:10:00,174,"175,9","165,6","170,1",39028838
03.09.2025 18:10:00,"170,1","172,1","168,2","170,9",22960309
04.09.2025 18:10:00,"170,9","172,3","167,9","168,8",20741653
05.09.2025 18:10:00,"169,6","171,3","166,5","167,5",14976518
08.09.2025 18:10:00,"165,8",167,"163,3","165,9",16044058
09.09.2025 18:10:00,166,"171,5",166,"168,3",24781686
10.09.2025 18:10:00,"169,2","170,6",166,"170,5",17327833
11.09.2025 18:10:00,"170,5",179,"169,8",175,36235969
12.09.2025 18:10:00,"174,6","176,1",172,"173,4",22154286
15.09.2025 18:10:00,"173,4","184,1","171,5","183,7",35308117
16.09.2025 18:10:00,"184,4","189,7","182,4",189,27522682
17.09.2025 18:10:00,189,"190,8","187,5","190,2",14312918
18.09.2025 18:10:00,191,"194,4","190,1","191,4",18538290
19.09.2025 18:10:00,"191,4",195,"190,3",195,19364215
22.09.2025 18:10:00,"197,5","200,2","195,7","195,7",17349596
23.09.2025 18:10:00,"195,4","197,8","193,3","195,6",16787076
24.09.2025 18:10:00,"195,6","198,3","192,2","197,6",18512622
25.09.2025 18:10:00,199,"201,7","197,2","200,6",21561231
26.09.2025 18:10:00,"199,9",200,"191,4","192,8",23552025
29.09.2025 18:10:00,"192,8","195,3","190,5","193,3",19432437
30.09.2025 18:10:00,"187,4","187,5","181,3","186,5",21490118
01.10.2025 18:10:00,"186,2","194,3","181,7","191,5",24827430
02.10.2025 18:10:00,"191,5","194,4",190,191,13651150
03.10.2025 18:10:00,"192,2","192,7","184,2","185,1",15210139
06.10.2025 18:10:00,"185,2","185,3","180,7",182,15079995
07.10.2025 18:10:00,"181,4","182,2","179,2","180,6",16770813
08.10.2025 18:10:00,"180,8","182,2","177,9","180,5",15148189
09.10.2025 18:10:00,"181,8","184,1","180,5","183,1",14580820
10.10.2025 18:10:00,"183,1","183,5","177,8","180,6",16019739
13.10.2025 18:10:00,"178,5","178,5","171,8","172,5",17736870
14.10.2025 18:10:00,"172,5","176,6","172,2","174,1",17028270
15.10.2025 18:10:00,174,"179,5","173,4","178,4",20627925
16.10.2025 18:10:00,"178,1","180,2","175,3","176,2",12049723
17.10.2025 18:10:00,"175,4","176,8","170,8","173,2",14187861
20.10.2025 18:10:00,"173,4","178,7","171,9","177,4",19264501
21.10.2025 18:10:00,"177,5",179,"175,1","176,1",10765532
22.10.2025 18:10:00,"177,5","183,2","177,3","181,7",19080336
23.10.2025 18:10:00,"182,2",190,"181,2",187,29375513
24.10.2025 18:10:00,189,"195,4","186,3","191,8",34807805
27.10.2025 18:10:00,"191,5","193,9","188,9","192,7",20181474
28.10.2025 12:40:00,"192,7","197,5","192,4","196,7",9843044
30.10.2025 18:10:00,"196,7",198,"194,7",196,16631218
31.10.2025 18:10:00,"195,7","199,3","194,4","197,6",21755814
03.11.2025 18:10:00,"197,6",201,"196,4","198,7",29108283
04.11.2025 18:10:00,"198,4","199,9","187,8",188,29499264
05.11.2025 18:10:00,"188,2","196,5","187,7","195,4",27109060
06.11.2025 18:10:00,"195,9","199,9","195,3","198,2",19202069
07.11.2025 18:10:00,"197,9",200,"196,5",198,15748631
10.11.2025 18:10:00,"198,7","201,7","195,3","196,6",21996786
11.11.2025 18:10:00,"196,5","198,1","187,9","192,4",22394375
12.11.2025 18:10:00,193,"195,2","189,1","195,1",16057179
13.11.2025 18:10:00,"194,9","199,6","193,1","197,7",21204189
14.11.2025 18:10:00,"197,2","199,4","195,9","199,2",17311333
17.11.2025 18:10:00,200,"204,6","197,6","201,7",26956467
18.11.2025 18:10:00,201,"205,5","199,4",204,19147604
19.11.2025 18:10:00,"203,9","208,5","203,9","206,5",18613050
20.11.2025 18:10:00,"207,5","209,3","203,3",205,16681115
21.11.2025 18:10:00,"204,3","204,3","198,5","201,4",15479991
24.11.2025 18:10:00,"200,4","201,2","191,6",195,33943729
25.11.2025 18:10:00,"195,3",196,"186,9",190,25347154
26.11.2025 18:10:00,"190,2","195,3","190,2",193,16260155
27.11.2025 18:10:00,"193,6","194,2","191,3","194,2",15845398
28.11.2025 18:10:00,"194,5","196,2","193,5","194,8",13119936
01.12.2025 18:10:00,195,"199,5","193,7",199,18605415
02.12.2025 18:10:00,"198,9","201,6",198,198,21349644
03.12.2025 18:10:00,"197,9","200,2","194,7","196,7",23565848
04.12.2025 18:10:00,"196,7","199,8",196,197,15678263
05.12.2025 18:10:00,"196,6","199,9",195,"197,6",18630139
08.12.2025 18:10:00,"197,8","201,7","196,8","199,1",17647205
09.12.2025 18:10:00,"199,3","199,9","196,6","197,5",12198007
10.12.2025 18:10:00,"197,6","199,9","196,8",198,21659406
11.12.2025 18:10:00,"198,2","200,7","196,1","197,4",19044105
12.12.2025 18:10:00,"198,1",199,"196,1","197,6",18911201
15.12.2025 18:10:00,"197,8",199,195,195,19898047
16.12.2025 18:10:00,"194,7","195,1","186,7","186,7",30436088
17.12.2025 18:10:00,"186,8","190,8","186,5","189,3",22416480
18.12.2025 18:10:00,"189,6",191,"187,6","188,7",15204905
19.12.2025 18:10:00,"188,9","189,3","183,9","184,6",19888159
22.12.2025 18:10:00,"185,3","186,4","182,4","185,7",19106846
23.12.2025 18:10:00,"185,7",187,"184,6","185,2",13621423
24.12.2025 18:10:00,"185,2","188,3","183,8",188,13592120
25.12.2025 18:10:00,"188,6","189,5","187,7","188,3",4793950
26.12.2025 18:10:00,188,"188,1","184,3","185,1",7567211
29.12.2025 18:10:00,"185,1","186,1","183,1","183,1",10411782
30.12.2025 18:10:00,"183,3","186,4","183,3","186,4",10376796
31.12.2025 18:10:00,"186,5","187,3","183,7","184,4",11055285
02.01.2026 18:10:00,"184,5","187,3","184,4",187,9105038
05.01.2026 18:10:00,187,193,"186,2","192,9",31954799
06.01.2026 18:10:00,"192,9","200,1","191,7",200,23003714
07.01.2026 18:10:00,"199,9","201,4","197,9","199,1",19011285
08.01.2026 18:10:00,"197,7","198,8","195,4","196,7",14272728
09.01.2026 18:10:00,"197,5","200,4","194,7","197,3",20138179
12.01.2026 18:10:00,198,"203,6","196,7",203,22769820
13.01.2026 18:10:00,"203,7",209,"203,1","208,4",31053579
14.01.2026 18:10:00,"208,3","220,5","207,8","218,5",38028391
15.01.2026 18:10:00,"217,2","218,9","212,2","218,6",24579709
16.01.2026 18:10:00,"218,6","223,7","217,2","222,5",20084909
19.01.2026 18:10:00,"222,5","226,2","218,7","222,8",23062834
20.01.2026 18:10:00,"222,9",228,"222,4","226,9",25439672
21.01.2026 18:10:00,"228,5","230,6",217,"221,1",27079222
22.01.2026 18:10:00,"223,4","227,4","219,5","226,7",21608394
23.01.2026 18:10:00,"227,9","229,3",225,"225,8",15704961
26.01.2026 18:10:00,"224,5","228,2","223,7",227,16867108
27.01.2026 18:10:00,227,"228,3","223,1","227,2",18009461
28.01.2026 18:10:00,"228,3","244,7","228,3","242,2",32929627
29.01.2026 18:10:00,244,"248,4","240,8","248,4",30420218
30.01.2026 18:10:00,"246,9","247,8",240,"244,8",20940150
02.02.2026 18:10:00,"239,9","239,9","226,6","229,6",37418300
03.02.2026 18:10:00,"231,7","235,1","228,1",234,40104523
04.02.2026 18:10:00,"234,5","237,7","229,2","229,2",25877682
05.02.2026 18:10:00,"229,2","233,3","226,1","226,5",22289614
06.02.2026 18:10:00,"226,6","229,1","222,6",223,21124725
09.02.2026 18:10:00,"221,3","223,9","218,9","219,8",32632299
10.02.2026 18:10:00,221,222,"213,5","214,4",28402519
11.02.2026 18:10:00,215,"218,2","213,8","215,9",26532850
12.02.2026 18:10:00,217,"223,9","216,1","223,3",33906997
13.02.2026 18:10:00,"223,7","226,1","220,6","221,6",25622347
16.02.2026 18:10:00,"222,6","226,3",222,"223,5",24524623
17.02.2026 18:10:00,223,"223,5","219,7",220,22831956
18.02.2026 18:10:00,"220,5","223,9","218,2","222,1",38748424
19.02.2026 18:10:00,"223,6","229,8",221,"221,5",48542887
20.02.2026 18:10:00,"221,6","224,1","217,5","221,6",28777488
23.02.2026 18:10:00,"223,3","227,8","223,3",227,29764395
24.02.2026 18:10:00,228,"228,6","221,3",222,28611549
25.02.2026 18:10:00,"222,7",223,"216,4","217,7",21523285
26.02.2026 18:10:00,"218,1","219,8","215,1","215,9",23197735
27.02.2026 18:10:00,"216,9","218,5","212,5","218,5",30856689
02.03.2026 18:10:00,"218,5","235,4","218,5","224,8",50537426
03.03.2026 18:10:00,"230,5","239,8","229,9",235,56798538
04.03.2026 18:10:00,"235,5","236,6","228,3",231,39760100
05.03.2026 18:10:00,"234,9","247,5","234,1","246,8",45689115
06.03.2026 18:10:00,"249,7","263,75","249,5",258,60993877
09.03.2026 18:10:00,277,"277,25","248,1","250,25",64828848
10.03.2026 18:10:00,"239,5",252,"239,5",248,62050964
11.03.2026 18:10:00,"248,8",258,"247,5","248,3",45119752
12.03.2026 18:10:00,"256,5","264,75","250,25","264,75",48446845
13.03.2026 18:10:00,"264,75",269,258,"263,5",42790781
16.03.2026 18:10:00,"259,75",261,252,255,30653684
17.03.2026 18:10:00,"256,5","258,75",251,"251,5",28368721
18.03.2026 18:10:00,"251,5","257,25","248,5","254,75",43840739
19.03.2026 12:40:00,"258,75","263,5","253,25","253,25",23336270
23.03.2026 18:10:00,"255,25","265,75","249,4",255,74838120
24.03.2026 18:10:00,"258,5","260,75","252,75",259,33435568
25.03.2026 18:10:00,"254,5",257,248,"250,5",32827948
26.03.2026 18:10:00,"242,8","242,8","236,5","240,2",47877678
27.03.2026 18:10:00,"240,7","241,5",234,"240,5",83103613
30.03.2026 18:10:00,245,"251,25","244,5",247,35658352
31.03.2026 18:10:00,"245,2","262,75","241,5","258,25",52767272
01.04.2026 18:10:00,"253,25","257,75","251,5","253,75",44303532
02.04.2026 18:10:00,260,"261,5",253,256,36737138
03.04.2026 18:10:00,257,"261,25","255,25","255,25",19513602
06.04.2026 18:10:00,"257,25","260,25","253,75","256,5",28507877
07.04.2026 18:10:00,"259,5","264,5","256,25",260,39634457
08.04.2026 18:10:00,246,"253,75","240,2",251,94110678
09.04.2026 18:10:00,255,256,"250,75",255,48998471
10.04.2026 18:10:00,"253,5","256,25","251,75","254,5",35352476
13.04.2026 18:10:00,261,"268,5","259,5",264,57422416
14.04.2026 18:10:00,262,"272,5","260,75","267,5",47234842
15.04.2026 18:10:00,"265,5","268,5","261,25","261,25",24203656
16.04.2026 18:10:00,"262,25",268,"261,5",268,28419888
17.04.2026 18:10:00,"267,75","268,75","251,5",253,42934431
20.04.2026 18:10:00,"260,25","261,25","254,25",255,29511652
21.04.2026 18:10:00,255,"258,75","253,25","253,5",28761782
22.04.2026 18:10:00,"253,75","264,25","253,75",263,31893926
24.04.2026 18:10:00,266,"272,5",266,269,27516707
27.04.2026 18:10:00,"270,5","275,5","270,25",274,24278073
28.04.2026 18:10:00,"276,5","279,5","269,25","269,5",23526284
29.04.2026 18:10:00,"271,75","276,5","270,5","275,5",20917057